,Accuracy (weighted),Precision (weighted),Recall (weighted),F1 (weighted)
avg_results,0.6915071904659271,0.5993009090423584,0.6915071904659271,0.6336480021476746
