,Accuracy (weighted),Precision (weighted),Recall (weighted),F1 (weighted)
avg_results,0.1334928311407566,0.15722591131925584,0.1334928311407566,0.12130915150046348
