,Accuracy (weighted),Precision (weighted),Recall (weighted),F1 (weighted)
avg_results,0.6760765731334686,0.5463352918624877,0.6760765731334686,0.5978158116340637
