,Accuracy (weighted),Precision (weighted),Recall (weighted),F1 (weighted)
avg_results,0.568372905254364,0.5129079222679138,0.568372905254364,0.5246037244796753
