,Hit@10,MAP@10,MRR@10,Hit@5,MAP@5,MRR@5,Hit@3,MAP@3,MRR@3
test_split_1,0.7279920870425322,0.5838298189165213,0.6237073736517356,0.6879327398615233,0.6096780896252335,0.6186098747115067,0.6675321463897131,0.6115026376524892,0.613954830201121
