,Accuracy (weighted),Precision (weighted),Recall (weighted),F1 (weighted)
avg_results,0.6363748908042908,0.4996354877948761,0.6363748908042908,0.5534934997558594
