,Accuracy (weighted),Precision (weighted),Recall (weighted),F1 (weighted)
avg_results,0.5697368383407593,0.5466583073139191,0.5697368383407593,0.5393918454647064
