,Accuracy (weighted),Precision (weighted),Recall (weighted),F1 (weighted)
avg_results,0.6779904067516327,0.5853343188762665,0.6779904067516327,0.6059633612632751
