,Accuracy (weighted),Precision (weighted),Recall (weighted),F1 (weighted)
avg_results,0.5916267931461334,0.5337632715702056,0.5916267931461334,0.5397185504436492
