,Accuracy (weighted),Precision (weighted),Recall (weighted),F1 (weighted)
avg_results,0.6989234507083892,0.598539799451828,0.6989234507083892,0.6331717431545257
