,Accuracy (weighted),Precision (weighted),Recall (weighted),F1 (weighted)
avg_results,0.6787081241607666,0.6063073515892029,0.6787081241607666,0.6326623380184173
