,Accuracy (weighted),Precision (weighted),Recall (weighted),F1 (weighted)
avg_results,0.6619617104530334,0.5397691190242767,0.6619617104530334,0.5827064394950867
