,Accuracy (weighted),Precision (weighted),Recall (weighted),F1 (weighted)
avg_results,0.6105263233184814,0.5234809070825577,0.6105263233184814,0.5452968537807464
