,Hit@10,MAP@10,MRR@10,Hit@5,MAP@5,MRR@5,Hit@3,MAP@3,MRR@3
avg_results,0.8025119617224881,0.6376553357298971,0.6783693609022556,0.7816985645933014,0.6585258838383838,0.6755661881977671,0.7222488038277513,0.6616228070175438,0.6621212121212121
