,Accuracy (weighted),Precision (weighted),Recall (weighted),F1 (weighted)
avg_results,0.7003588616847992,0.6024056613445282,0.7003588616847992,0.6325361371040344
