,Accuracy (weighted),Precision (weighted),Recall (weighted),F1 (weighted)
avg_results,0.6901914119720459,0.6177977442741394,0.6901914119720459,0.6421652853488922
