,Accuracy (weighted),Precision (weighted),Recall (weighted),F1 (weighted)
avg_results,0.6898325562477112,0.6148944735527039,0.6898325562477112,0.644051069021225
