,Accuracy (weighted),Precision (weighted),Recall (weighted),F1 (weighted)
avg_results,0.7337320566177368,0.7437677562236786,0.7337320566177368,0.7214723944664001
