,Accuracy (weighted),Precision (weighted),Recall (weighted),F1 (weighted)
avg_results,0.6226076543331146,0.5535221755504608,0.6226076543331146,0.5741360306739807
