,Accuracy (weighted),Precision (weighted),Recall (weighted),F1 (weighted)
avg_results,0.6846890151500702,0.6124620199203491,0.6846890151500702,0.6378237247467041
