,Accuracy (weighted),Precision (weighted),Recall (weighted),F1 (weighted)
avg_results,0.6192583560943603,0.5742647647857666,0.6192583560943603,0.5856132090091706
