,Accuracy (weighted),Precision (weighted),Recall (weighted),F1 (weighted)
avg_results,0.579904317855835,0.5376865088939666,0.579904317855835,0.5246055245399475
