,Accuracy (weighted),Precision (weighted),Recall (weighted),F1 (weighted)
avg_results,0.6135167598724365,0.6000573217868805,0.6135167598724365,0.5903332650661468
