,Accuracy (weighted),Precision (weighted),Recall (weighted),F1 (weighted)
avg_results,0.6626794278621674,0.5532645642757416,0.6626794278621674,0.5927513003349304
