,Accuracy (weighted),Precision (weighted),Recall (weighted),F1 (weighted)
avg_results,0.659330153465271,0.5594731569290161,0.659330153465271,0.5957571029663086
