,Accuracy (weighted),Precision (weighted),Recall (weighted),F1 (weighted)
avg_results,0.6071770370006562,0.5510399401187897,0.6071770370006562,0.5637271702289581
