,Accuracy (weighted),Precision (weighted),Recall (weighted),F1 (weighted)
avg_results,0.7413875579833984,0.6988125145435333,0.7413875579833984,0.712099689245224
