,Accuracy (weighted),Precision (weighted),Recall (weighted),F1 (weighted)
avg_results,0.7092105448246002,0.6338744521141052,0.7092105448246002,0.6509517729282379
