,Accuracy (weighted),Precision (weighted),Recall (weighted),F1 (weighted)
avg_results,0.6545454382896423,0.598752748966217,0.6545454382896423,0.6175178468227387
