,Accuracy (weighted),Precision (weighted),Recall (weighted),F1 (weighted)
avg_results,0.6928229749202728,0.620481538772583,0.6928229749202728,0.6487373828887939
