,Accuracy (weighted),Precision (weighted),Recall (weighted),F1 (weighted)
avg_results,0.043062200956046584,0.06749191284179687,0.043062200956046584,0.0449655395001173
