,Accuracy (weighted),Precision (weighted),Recall (weighted),F1 (weighted)
avg_results,0.043062200956046584,0.06749173551797867,0.043062200956046584,0.04496535658836365
