,Accuracy (weighted),Precision (weighted),Recall (weighted),F1 (weighted)
avg_results,0.6831339955329895,0.5650722563266755,0.6831339955329895,0.608451372385025
