,Accuracy (weighted),Precision (weighted),Recall (weighted),F1 (weighted)
avg_results,0.0428229667712003,0.06544477790594101,0.0428229667712003,0.046882003732025626
