,Accuracy (weighted),Precision (weighted),Recall (weighted),F1 (weighted)
avg_results,0.5620813369750977,0.5724961519241333,0.5620813369750977,0.5455173075199127
