,Accuracy (weighted),Precision (weighted),Recall (weighted),F1 (weighted)
avg_results,0.5515550136566162,0.5058183401823044,0.5515550136566162,0.49997865557670595
