,Accuracy (weighted),Precision (weighted),Recall (weighted),F1 (weighted)
avg_results,0.6025119602680207,0.5091982841491699,0.6025119602680207,0.5326376140117646
