,Accuracy (weighted),Precision (weighted),Recall (weighted),F1 (weighted)
avg_results,0.6084322929382324,0.5451343059539795,0.6084322929382324,0.5671058893203735
