,Hit@10,MAP@10,MRR@10,Hit@5,MAP@5,MRR@5,Hit@3,MAP@3,MRR@3
avg_results,0.7467853610286844,0.607664055648636,0.6603220722842383,0.7245301681503462,0.6438540636333663,0.6573277283217935,0.700544015825915,0.64824431256182,0.6518504780745136
