,Accuracy (weighted),Precision (weighted),Recall (weighted),F1 (weighted)
avg_results,0.6711722373962402,0.552703994512558,0.6711722373962402,0.5994323134422302
