,Accuracy (weighted),Precision (weighted),Recall (weighted),F1 (weighted)
avg_results,0.6937799036502839,0.5920444548130035,0.6937799036502839,0.628849059343338
