,Accuracy (weighted),Precision (weighted),Recall (weighted),F1 (weighted)
avg_results,0.6507177174091339,0.556422770023346,0.6507177174091339,0.5883120834827423
