,Accuracy (weighted),Precision (weighted),Recall (weighted),F1 (weighted)
avg_results,0.6825358927249908,0.565349668264389,0.6825358927249908,0.6105923354625702
