,Hit@10,MAP@10,MRR@10,Hit@5,MAP@5,MRR@5,Hit@3,MAP@3,MRR@3
avg_results,0.7894736842105263,0.6195539353434091,0.6687087035771246,0.7236842105263158,0.6492856193514088,0.6606858054226474,0.7045454545454546,0.655103668261563,0.656499202551834
