,Accuracy (weighted),Precision (weighted),Recall (weighted),F1 (weighted)
avg_results,0.29174641370773313,0.3224689602851868,0.29174641370773313,0.2673435643315315
