,Accuracy (weighted),Precision (weighted),Recall (weighted),F1 (weighted)
avg_results,0.729665094614029,0.642233407497406,0.729665094614029,0.6776108562946319
