,Hit@10,MAP@10,MRR@10,Hit@5,MAP@5,MRR@5,Hit@3,MAP@3,MRR@3
avg_results,0.8635167464114832,0.7209925182725935,0.7799601275917064,0.844377990430622,0.7508022660818712,0.7772886762360447,0.8205741626794258,0.7713716108452949,0.7719896331738436
