,Accuracy (weighted),Precision (weighted),Recall (weighted),F1 (weighted)
avg_results,0.09808613136410713,0.042874727956950666,0.09808613136410713,0.052119985595345496
