,Accuracy (weighted),Precision (weighted),Recall (weighted),F1 (weighted)
avg_results,0.6770335078239441,0.5538537502288818,0.6770335078239441,0.5993305027484894
