,Hit@10,MAP@10,MRR@10,Hit@5,MAP@5,MRR@5,Hit@3,MAP@3,MRR@3
test_split_1,0.729104846686449,0.5357114686530179,0.5707554205328685,0.7080860534124629,0.5622851755687438,0.5679587042532146,0.6181998021760633,0.5481062479393339,0.5485905044510386
