,Accuracy (weighted),Precision (weighted),Recall (weighted),F1 (weighted)
avg_results,0.658133989572525,0.5700778484344482,0.658133989572525,0.6002035677433014
