,Accuracy (weighted),Precision (weighted),Recall (weighted),F1 (weighted)
avg_results,0.6289473831653595,0.5068828254938126,0.6289473831653595,0.5511269688606262
