,Accuracy (weighted),Precision (weighted),Recall (weighted),F1 (weighted)
avg_results,0.610526317358017,0.5592954754829407,0.610526317358017,0.5719536483287812
