,Accuracy (weighted),Precision (weighted),Recall (weighted),F1 (weighted)
avg_results,0.34354068636894225,0.35890020728111266,0.34354068636894225,0.30939897894859314
