,Accuracy (weighted),Precision (weighted),Recall (weighted),F1 (weighted)
avg_results,0.6056220173835755,0.5027273446321487,0.6056220173835755,0.5307745158672332
