,Accuracy (weighted),Precision (weighted),Recall (weighted),F1 (weighted)
avg_results,0.628947377204895,0.5950365841388703,0.628947377204895,0.5933187484741211
