,Accuracy (weighted),Precision (weighted),Recall (weighted),F1 (weighted)
avg_results,0.7504784822463989,0.7331182539463044,0.7504784822463989,0.7308980584144592
