,Accuracy (weighted),Precision (weighted),Recall (weighted),F1 (weighted)
avg_results,0.4750000059604645,0.4695072591304779,0.4750000059604645,0.4369469195604324
