,Accuracy (weighted),Precision (weighted),Recall (weighted),F1 (weighted)
avg_results,0.5625597953796386,0.4402326285839081,0.5625597953796386,0.4809687972068787
