,Accuracy (weighted),Precision (weighted),Recall (weighted),F1 (weighted)
avg_results,0.664070188999176,0.5459729433059692,0.664070188999176,0.5884038209915161
