,Hit@10,MAP@10,MRR@10,Hit@5,MAP@5,MRR@5,Hit@3,MAP@3,MRR@3
avg_results,0.7961177052423343,0.6598445581455463,0.7116423704331716,0.7726261127596439,0.6889553453676229,0.7083766073194857,0.7472799208704253,0.701697988789977,0.702584075173096
