,Accuracy (weighted),Precision (weighted),Recall (weighted),F1 (weighted)
avg_results,0.6345693886280059,0.5267916440963745,0.6345693886280059,0.5647466659545899
