,Accuracy (weighted),Precision (weighted),Recall (weighted),F1 (weighted)
avg_results,0.4911483347415924,0.45835221409797666,0.4911483347415924,0.4477088630199432
