,Accuracy (weighted),Precision (weighted),Recall (weighted),F1 (weighted)
avg_results,0.6555023968219758,0.5686636865139008,0.6555023968219758,0.5985954165458679
