,Hit@10,MAP@10,MRR@10,Hit@5,MAP@5,MRR@5,Hit@3,MAP@3,MRR@3
test_split_1,0.7763157894736842,0.6336992169276002,0.6913771170350118,0.7511961722488039,0.666797913343966,0.6880781499202551,0.7272727272727273,0.6790271132376396,0.6828149920255182
